model,prompt_variant,domain,config,n,n_scored,n_failed,relevance_rmse,relevance_mae,relevance_signed,utilization_rmse,utilization_mae,utilization_signed,completeness_rmse,completeness_mae,completeness_signed,adherence_acc,adherence_over_flag,adherence_under_flag
gemma2:9b,baseline,Biomedical,covidqa,50,50,0,0.25238182173525076,0.17947388449410812,0.06518673304906195,0.15447944067040764,0.0993789238737728,-0.049278673247206396,0.5745279857098492,0.4748351648351648,-0.3028827838827839,0.76,9,3
gemma2:9b,baseline,GenKnowledge,hotpotqa,50,50,0,0.14090804069849663,0.09665723165723165,0.007665223665223668,0.10031423532968008,0.06682787267771788,-0.03203496383217745,0.6296686851521397,0.5140476190476191,-0.3767142857142857,0.94,1,2
gemma2:9b,baseline,CustomerSupport,emanual,50,50,0,0.29684591314189074,0.21902584818133214,0.17185073265358505,0.17862176232492583,0.0968210546233904,-0.008855647710615073,0.77993942984769,0.7288988190172401,-0.7002624553808764,0.62,19,0
gemma2:9b,baseline,Finance,tatqa,50,50,0,0.26072200381914235,0.1144982044099691,0.10249820440996911,0.4005340673807393,0.19879238373164207,0.1681257170649754,0.7556270391021104,0.6083333333333334,-0.6083333333333334,0.9,4,1
